class_hash,native_time_ns,casm_time_ns,sierra_statement_count,object_size_bytes,casm_bytecode_length
0x9e6d3abd4b649e6de59bf412ab99bc9609414bbe7ba86b83e09e96dcb120,2285559458,118774792,13172,268120,12874
0x2a2838ed37071ced0a289a9bf87926c76b9da1973b5a2ecb5e487bef48b2b,260251542,7106833,484,9280,653
0x5fd5fddec073a363f000b46a4639c1f8df79416778d315462d84072567461,9618182833,509911292,47784,1155064,56397
0xaf4d45e7d0c96576aafcf7e3f76cfc6d5a8aae170b6d36b80cff16710bb03,384765916,14863791,1208,32064,1333
0xbfeb0130bd3054384c5d5ea8f093d93a86f14ac783c25bf5ed00185b45001,7530163167,273609959,27588,856680,38403
0xf7e4a04e4bb4ec7b5845bfffa20ac1e18a34f78db19e993482ae22f543ef4,2653160042,142521042,23896,342176,30598
0x12e8603f430ea23d46ee6f504e2256d092962368556fce48ccfe98de935819,2487465750,95720333,17341,346768,22513
0x13c58c7ffd308664fc83b51b1c4892e977dbb0e7ecbe73acd7d64350589970,1392048500,61946959,11279,228336,14713
0x147eabaed02793e71cd7dc79da8bb6578e043abb38fd4e4790be813d10f06e,5742774083,205266833,38006,855808,40538
0x17133ac7edc89c47fe6b7d93a4b26f1d1888652bc6ad69664c6934f45449cd,917874167,21750625,3164,107584,3981
0x1800d6f1d1f73862700101c9bed8ff5175a1190e5fc45b1ccdedb1ac28ef21,16058365416,116481416,20781,938736,26392
0x18b341ea96cad6f026229f61deab1e8ba4172755010209cb0664697c02e399,2672748958,132183875,22055,387904,29086
0x21710a873fcd67a974ab5355f36e1fd48a250d463f3bff692aa9d0a681d00f,437625709,12698041,850,14304,1062
0x22fe32915855807214298db834cbf54616b8abbaace4de43d0c72b064a2fbb,1395351916,53308708,6768,165056,8095
0x2545132e3c89744c4599d541c6d47ed397ede131d1a79f0d0fee13f97e9e93,1728428959,77589209,10747,233816,12581
0x261c293c8084cd79086214176b33e5911677cec55104fddc8d25b0b736dcad,537641375,16737250,2889,62592,3464
0x280728a8839de650b6a9db92584441fa8a373bfac0183831e59f6ceda7c138,1622835459,65672417,9918,199568,12886
0x2af043e3b63a53676e1a826d8faed02648592a23736f0cc28622aa16a006dc,656197875,30672292,3264,81640,3888
0x2b87d50fc8af3622d2e1fa712f8b461231e6e8df8cde96272ca5880e383b54,1103139417,61468667,4944,125696,5652
0x2cbf50931c7ec9029c5188985ea5fa8aedc728d352bde12ec889c212f0e8b3,350826166,12655875,984,18576,1224
0x2cd9bf94603a08760d6f7b1987c08d3ce3dc195f6f435c72545e2e0f30bb08,1067813416,58723750,4451,105224,5489
0x2e4fbe1c458eb6ec7a5b15d78674bb6fbfd5872aca0fe920d462bd6fb8ed0b,5472703041,128176958,26110,614256,25537
0x2f6d77cb0bca422706a91858dff62975aef4b8214520aadb1f0b39c51f5fde,4197070125,133527375,22496,479048,25328
0x3a4c71a7e8aa5eec24c87a54a9063dad4b336a14e082a3cf77c13710342e94,2010151083,91238000,17139,354840,18610
0x3a9b8b4c8772a1b015570ccfa506ee9bfe92286bdd9b25a9b6e80295b8e8f7,1968705417,104640166,10290,230312,12792
0x3d60f68ff66df399a5efc60c6aacda487ced739897ddcea54270b7c147206d,694549500,20774208,2000,82072,2301
0x400dac07626770e7d94053b1aaf64d4f06db6c43e1e0497a61716b4e5fe6a6,517571958,34020916,2336,56104,2634
0x44cc2478142929c5203a05ec0c693f10d0443ac448b1b3e27e76e9aa0cca7c,456226292,10490834,1267,30312,1742
0x4598287b23c4025928bc4fd2b473eba0257184c6f5a348d5c114761c3e037d,497550791,24912291,2430,52320,3186
0x469b7e441c4e21c900d44e7b3d83dc32ca268a2eb82fa7bbb2d7a1cebc3923,641772875,17779542,2153,58672,2420
0x4e19b87b7777e6e7032ca325794cd793a4d6e9591a8c4e60e0d1b27e4da3d7,612158500,23589167,2296,62888,2937
0x4f07c5314968a9d3f474ec3cea1d6839734b30439bf9bfd5e960a064bc6ed8,676210625,20152000,1948,79240,2300
0x52ade26b349972115690eb0977b3fe8f574f20bbf8a91ffe5d1763c6135077,918035083,25234750,3224,110424,4047
0x53e729ec4ac9afe21c48013adc9a008bf1e7938f62b573ca518838c814a367,5966076291,234693125,45553,844080,47295
0x589a40e9cd8784359c066db1adaf6cf0d92322ce579fc0c19739649beae132,2543249500,131410709,12956,319256,14896
0x5aa0d14c3e74ab16c57fad6be5537e64eab20472b9b352241fe0c249c1cdab,884710416,26055083,2766,105856,3327
0x6530f30b1a4c8ad0b819491728e15b518d606021cc709203ac4751402ddb54,4567148833,132312958,25579,559568,30852
0x6a54af2934978ac59b27b91291d3da634f161fd5f22a2993da425893c44c64,799233041,31577875,3186,89160,3778
0x6c77d54bfca18537162f6a2c67db81783c6c414edb68a1117b56b1e48b9ec8,1314836000,78460292,8881,183648,9318
0x6d32c02a2f99b97daf3e90e0ac05d81996377425ef2990061f669aa0c6be7d,11001125708,331486708,59957,1160864,74350
0x7470a072c189f8d11ff33b55de3e7ee9a8484363115156885eb5b5b4d3f512,1379292875,43640792,3378,141000,4194
0x757b0a734118b77ca0ef8298c904dc4d6dd1112a74b89f762e64578c5dd61e,1080257291,79348209,12161,151088,13905
0x7600caade46c78762e47a1a5f51021e168051592bb6ceb854c9e91521361cb,3601352875,121799542,19828,438816,22193
0x798c261f4c5280e528152485628cb3eec859450c21d33a014d48712fb36e61,9748916500,514185083,47529,1109384,53552
0x7995472dc79af74b2d4e2b79305427805f84fc03778aca509a4d074e9e16e6,1242270750,50963209,9647,141056,13105
0x79c62b9e8e26527d1cfd9721e4bbe82a181212d8c4ce0bd9ef36214fe53653,935775000,49836166,6227,100664,7820
0x7d3c8cc9185653f9563724732bf2118c9c8c41ce5754b1bcd7407b00d7d80e,1798567083,88759625,10430,232672,10610
0x816dd0297efc55dc1e7559020a3a825e81ef734b558f03c83325d4da7e6253,6227755750,239416250,45331,913920,43754
0x84f309934dd8c02b6a03ae2608d95f6282e82e8838df993f39963687f670c1,7528989625,335255334,61950,1041680,54713
0x89b7f518db47e8ed0a6cb7de516829409ff3fc6f1a775a5470fb33f3da5166,304181916,8598500,1010,18952,1296
0x8b88f107fa40cee6509dea1f94d7cd694f8f0ccb85bd7db5cde842ebfe5a5d,712028333,21379000,2112,87704,2347
0x8e98fd1f76f0d6fca8b03292e1dd6c8a6c5362f5aa0fd1186592168e9ad692,783672292,36889959,5901,83264,8256
0x8fade1a36f2bfcaa55b53c96dfb615e8e60110b87765cf449d09b6e0397b17,10605874125,570366125,50567,1088824,52048
0x932e4d4baaaa8d754b4dda60e070da739e76af5b6d927146702927bd787e44,770084583,20534667,1982,84864,2511
0x937c9ec69de486baccfdb4e004ec9f83b0b24487cad1c49277b46f4baacbb7,745908625,23463250,2216,88544,2491
0x9b806bd161c1d399842c715d188d5a4f10e60bac223612f08a1e5ddd182b5f,936277583,18833791,3123,107624,3803
0x9c3b64a40055844db92b233447903a6266c369c8f20ab8b3110dcfe2ef1ce5,3237830792,88806708,14351,513728,17035
0x9cb5979aa09ec6727256f65fec131ed8a773a39881351ff312387dc51577dc,2277999083,98414042,17520,327376,21434
0x9e231a5ff8c544e40f7968a61ded3b052c0ae673d9377469ab089047099e87,718407459,58955833,7347,114208,9874
0x9f5f9d26e7eb356081851310b7c4173bfc726fce13d9c8de7466fcddc08f60,1481696167,27489000,4292,137264,5904
0x9f9205f50528a4c6308c69c675c14e65f31c72b1f7f1d2375d04fae1eec546,915937167,37349916,4147,98688,4966
0xa57cae0e1011dbb6959d2a4095c49d44d51a86f8ec921bf8c19eb64df8a923,2044994833,124517375,20340,265368,25492
0xa63b725077a5e2dd8abd5cf66662d6014f814398facccffcc01e367bccff0c,893823584,43608542,7884,140672,9858
0xa79a6acc130548965a6db3d2774a19f632065c7653e101329bf6bc68eb321b,684382791,22970500,2218,88168,2492
0xad4c3a594c5366e1a6d9faa16618a6a91781e47662b79dd93848d5827b62f0,4189160750,129506125,21990,462760,28153
0xaef408ec73c83edbc42d00af164ae8073404aa665b9895041c705c871809f9,6036282000,237701250,24048,577360,25009
0xaf217ac88042025de06ba64d713509e287c4bab56234826083432e2ec58a52,520024709,32452750,3752,54608,5251
0xafd0451d75356ce8309b269e5bec30653c2dc72fea3ca131b7befb124af0a1,811944791,25531875,2677,102448,3092
0xb00a4f0a3ba3f266837da66c0c3053c4676046a2d621e80d1f822fe9c9b5f6,3162553250,95752333,14476,515424,17466
0xb24245fae76b813bf26d9277237877dfe60d182b646b92924f9ff506b7ff55,10958384042,355148916,60846,1232736,72347
0xb332972414bc514a4d84ef68909bca1b09937a604cee851363e9385ff35d27,1233091709,48622208,6236,143256,6540
0xb5d283fbe3a63ea6360df13ce85db26a3fd14f324642c1f79f511e69c0bacd,9995108959,536654792,46982,1113280,55101
0xb71cf87d44ac5aee6a9947ac63d6333bf8dbcc23e9ea47534df05a9e61fa28,1735637708,72595166,14061,292264,16777
0xbad604b3b23f0b1c3f967454449c01a8fbcee6e6e3f46391af649c6ea53fd7,274495916,8052375,727,18288,718
0xbbf523a75510e6ee49ccad9fe20e9a8fead1d458b57d72167277e3e1aee286,2124435583,237191291,42147,286040,37763
0xbe8863311f24317dff8af16deb1285ec5b035e57cf9beda545c341c339b925,1512084750,56751083,7465,172552,8784
0xc0d3c79bd57319eda5ad8127ab60189ff44701bccb53a6150ac69c3c7c2ee0,463270541,23662084,1383,43184,1663
0xc450881b60e9c2e5e5acb8d9b0dea9e0abe9df92fc8e291e673b32ccb19a59,669923584,19430542,1948,83256,2243
0xc7d0fa176501a408da3e5553695e9ed1c70bbc71198f8e0b9494fc0bad144f,764936041,23779750,2433,98360,2736
0xcb3a8adfd44dc7ab3c599ea7d158bfb14141c9b432594c752bd371da1a6b55,656964500,17395208,1693,76616,1969
0xd0f5c7a5040f1f68fc675b53e7ca5591598e3665aad48f90fa080633b959ef,839493250,25828208,2725,107256,3168
0xd14b9e631a8a22b54541e3552ac691f0f4acb8b10c2340dc0a6698fa48bc33,757779125,24994416,3285,85304,3898
0xd15245577e6f39ed0de023547ba0f9d71d952dfc6ff6a7862bd7e77d28714c,2021962084,123970583,19709,329920,25016
0xd2d07eafffda7ae33eceed008f06586af14aa12552c063b4fd7ed8eb7ebf14,2048939167,146017375,25904,282080,37358
0xd3fbb961f7b54a6b0d9233ab181722d9daa28d6f4a6d86e871d357a7c31200,3199230083,80007000,12052,370832,14273
0xd5fa360edcc5255f9605b22a3be8b2d9c32897dd9be8ae8cdf98123f5be46c,1056216500,23095167,2228,95736,2634
0xd5fc613457ccaad492082abfd02937cc890d0c4bbe5348babdecfcba63392a,6239127084,237644291,23316,692088,31621
0xdb2ed00ec7872d4d093f3acb479d7ef2b56bcc7fc793707c1fb04ec66c6b10,359982625,15759416,1139,29184,1179
0xdc4999dd70550d472d52b86df1257a9839aacb34e24911282ac2d49eeb091d,906818458,38959083,4368,104952,5752
0xe2eb8f5672af4e6a4e8a8f1b44989685e668489b0a25437733756c5a34a1d6,694324417,37150625,4080,76688,4997
0xe49695c9d24eb4d3dff9cbbb22427832fcba585ebe94e2acf9ff8312315357,3946720958,103783250,17739,395392,16444
0xea80f1b5824f9d6cc9678db7a5d87fc9f4de147c40a88b6d0ebc3f433c6087,697870833,20190959,2173,86528,2374
0xef11527f19224ca02e33a1d7d52a4fedb637b48f27d49f9ebabc624c35c31a,2315041209,110989125,17777,331912,21432
0xf1812d90cdccebac22683fa4e9c5e426fdb6099cfb2d172386d215cff88376,8196527833,250521167,46644,1216608,49224
0xf1fcd48373efeee248504b9c728c2ad559fe4c06f55610ddb137b745fe9e71,835538875,25747041,2664,103248,3089
0xf843d184ac75243b8d999e6b12bee09803805b07c40f57ba744b25c2cd22e9,9095532042,265883250,46590,1416536,48673
0xf8fd9dbb87cbb184a4e9a19a350fba18f5d5c028cf477361590d42d9fdfcd5,293108625,6564375,1087,20696,1296
0xfd2fe9636e74bd21845a8a9207ad9d8b5e35b5928217deae994b4698a8723b,4613005417,154243042,15841,469520,21452
0x100d22486aaeadeb82b0f3d9bf4e0a95105b585efc51863b8d4fd5df71ae8ed,652555125,19254375,1824,76056,2118
0x10151e4373357fabb6af76bb0801584cb4349979d0f4dfbf2138b332158dc2e,2689287833,141818167,16069,347376,16163
0x102fbc97fa7d7123c03f350c3a3895fbdce6896512da8d4506bdecb572b9524,1744686625,71508500,14021,291760,16729
0x1055a769b02427e8c23f34334ed6a7c54d4592ad940a031eba11e90df25f5da,725748625,19694709,3148,91080,3602
0x1063aa2061121cc93b1178576fb1360f073ed49b8ce78ee50ab4ff1f6e92df0,389371958,10823958,1443,24152,1895
0x1079bfbe015d64fead9a2e93fd3dcf37b9a336a1f6642e09701d7426d4dd46e,1049733417,21324542,3176,102272,4401
0x10999af7972d4e1cff67953bb407dd1401052534c268d4600cf7f302cca9e88,4859727250,210558167,23162,609096,22626
0x109d7fc56e18f8bc357ba6a39e8eb9c67ffd4eaf9dd0ae9caefd86e32c6f13d,2558102375,133095583,16069,347376,16163
0x10b9a3fe7f6a14011d4ee6ca2bcb29e6dec7494b832035ec149fc2284a5156a,575910959,30570584,3440,57144,4463
0x1107fff94233f553ef2362e545a415023a6b66ddad4e46fb28941faf1e932b0,4239506583,149835666,26460,494088,34365
0x11220d02582aec2e3c8aa2b954f1c19ec6a09f7ebb73da2dfa9a65f1fd7baff,298439792,9271875,832,15752,940
0x11363b0d7c8f4a99d152c400c8f797e635fb569f02502a9d59f6f8e9b2492e1,715975583,19144791,2099,87160,2317
0x113e43bc604068a5811205b126a3e318b21e5c72746138efa6fb40277067f00,705877667,20822542,2004,82320,2303
0x113e533a49b85369c925386dd10f698d43ed725907c27a1981d1031da84cef3,651127958,19257333,1993,56176,2283
0x11af2d5aabb1b15ce4f7948e0283ffb0275980a530b12d03b586150f1efd336,776943208,45656083,5495,90792,6984
0x11b1816a654594645a323d40b306974901e1a8c5f6a570f14f8af02cd9ed9e4,1472919084,79742458,8268,162712,8899
0x1209baf4f84faefa02c38ae721ddc691755ff4ea5993861fa22d822c913ab5b,686232791,21970666,2173,86376,2374
0x121e34cfc7e960f56fcde4291de664148e43f5a27901973fef532eaabd95d32,4458137083,110199042,19319,505864,24154
0x122d394f5b7a23efd3c9a80740ce6e0c9764ab66c75f2bb5df2968e02a7206e,2506844709,105820750,16618,317608,21461
0x1280f20f9eaa08a0bbf1b17f8fc2254cca0f108d4ab38af5b79c6cb5100ac86,686923542,22012167,2134,86160,2298
0x12cac526eba18b26f37bf92a3ec3b0652f6671e86ad637312cbbb8280b34c0b,6605743000,265815958,50387,759624,58598
0x137a5970f752fd80649fb38d684b090decebec4f2853396617e4f2f01e5396a,3141366958,92940917,16707,300960,22624
0x13946133be2681a5015c351b04f14f7f7ea5efc2317e3a9f93982183b8d9b1e,350269917,4048875,186,4864,237
0x13a65f27528cbccb0658421c33ee8768da666ebd3b4b7ebb997ab85b8137d1e,1002210041,21093458,2775,108488,3387
0x13b0d684111a5150571c9fa265b3b82b1d9b8cd11c86d6e382651209527c4de,870766417,29278750,4621,116392,5238
0x13bfe114fb1cf405bfc3a7f8dbe2d91db146c17521d40dcf57e16d6b59fa8e6,560098834,18794500,2401,67664,2867
0x13dd69d28ac1a7cec6050292e2db79870540c7663bef6945540f21710df5512,3292815750,140996750,25644,519056,31029
0x13e8bbcde447fd8f609808d92ae409b5b1afe02f1c95b0f394ebbc8b22ef723,4608890833,122426792,21354,777872,25438
0x14a5e1f81d5a34c82203d7ce2947c36631aa43b3edbb4939d37077cb38dee9f,26608257375,183000125,35065,2027744,48348
0x14b321b47c740ad2cbcfbc41518e5039c079508c37c07679aae153c14ed5e39,622093125,24346083,3451,67920,4342
0x14c714f48af02f2188237a51841cae7269421693614203a2cc002b4ff948817,2668327875,76173458,11121,327760,12899
0x15d8a3c61d5f5951f39eec5f0899b4a4be9244fbe04f1eeebb3409e468973b4,4265511417,149255834,26500,494600,34413
0x15f57f8424eb1ce22f8a7c78f5f4d7c7cbb67cda3851203cdabb21d78e2abb9,3442005334,170626250,19771,468288,20255
0x161013bbdf7383c8b4a038785fac31550cfec40ab291318b79f713b5ddfc582,710790000,20516667,2200,86128,2562
0x1617d595a01803c0e31ead2b2afaa2557d244082ac21e42485e97753e8b3274,6211559541,238024750,24483,588112,25422
0x161d9fd892ee99ab4f073bae6d219314f1dfd05d2ea2345e025efcb5a94f89c,3025646083,115551917,19668,366056,24417
0x16365c7b70ca887beafe24c8354c713bfc6576cdfe3a9bd2213affa0d92f3a9,709504125,17187584,2173,86496,2374
0x1689860ae4a6cde757a8e7cb49db714aae3c71a762d4fc71ff59240639ad1d4,2432310750,64639833,10939,312784,12249
0x169e64bc8a60422da86e6cc821c498d2f8cba60888399ce4be86690aaa51e4a,1173353459,35702167,5678,113944,7940
0x16a6b4291715add980f018dfaa05f2ad75acbf524f7c89f4dabec97a30ecb7a,4303194833,131208042,14131,425288,18837
0x16f2e4271df6214026a7c669d0e795b05667b9d7e349b9a9565bd7784653ca9,691009834,31532875,4951,83400,6858
0x170d09cec47c189790a771d05b8088ec64844d13b2e951b7993142dbf04c2c0,2791132375,100383875,16882,382008,17909
0x17255f404b63f14cb75990b11e46b75df0f0d3fa7aa7a5ffd3ea895cb904bcb,803934334,23850000,2694,101824,3150
0x17913e3921aac1eb817d3a9455b97a45220b2660bbb47c01c946f2401bff234,407684583,12665917,1071,35032,1366
0x17dd53450902e0cd54d6de3231f158d24c9541c5cdd993324cf381ca0effeb1,682923333,18572167,1765,78864,2103
0x17f275b81474f8a537cf3ef849e58ab4c99c0e65f62ba1f1d492d930d099bdf,1102271125,25268708,2734,108936,3642
0x182dfcf12cf38789f5937a1b920f0513195131a408716224ac8273f371d9d0a,1783769167,43754333,7933,211272,8434
0x182fe658ebd138e345033e1bc5dcf99f6dbdc0f1313ec4fbb8dae16f7175e2a,1548770792,81858125,13541,235608,18059
0x1831f0668217db340ae63aa0f798aad6d58f81d30fef06f775f69d24e41b363,259890000,3262709,337,8736,388
0x185574906c1fda8d6c97b0fff3398bc172f8b6874445ec33d7518c978642c03,3423061959,124243417,20337,545640,23843
0x18758d409574a66615683bf529b5ff4f5c84b09fcfea48102fa3153039ebc10,2908066958,97822958,18332,400792,17567
0x18c17034227163688b8ef4b9c41965709334b6348995726c13ce1d49fbb91b9,336535584,12029292,1494,25912,2034
0x18dfd769205cc836d9238c839a673692351547ab39cf93aef1d50210337876f,3064025708,102038708,8993,309160,13226
0x192fb0efed6926e141953f6bff9c5efeca6987aaa54aa04f016dfbbca2b7cea,2260928333,81337666,8611,230224,10065
0x1977037eac01a1f45bdf642063d4e070e6c7cb4c3305cb9f47fe0c4f5c2b4a5,6292435708,214405541,40799,966456,39967
0x198ad2141ac35f2d53f72f3a53fa00223c948e5cf027344f572dbdb411fc337,939379792,56505333,9007,119808,12076
0x19cc94fa1e1e6db019f2f11c592ab6b88ab49bd58ea6925dd013dac75d12cb7,693701417,17896750,2112,85752,2282
0x1a0b7e2ff0ab2ff05c5eed96b125cb1d453ae9d90b41028ca8ff3f69388b9cf,897706375,22245375,2860,106832,3482
0x1a2a81c0e524ec222a16ae7588149cead40650d2fe5d81a87b9bc6bdc029d16,4601899792,142069125,23734,595920,31139
0x1a736d6ed154502257f02b1ccdf4d9d1089f80811cd6acad48e6b6a9d1f2003,2782558875,193565417,20021,390320,18283
0x1a7a4f86cb68a449ca63af986357fb7b5a109f54da46c4e471be0ba1ab19b59,1415559417,79907125,13055,234560,15094
0x1aa25045b17957e2fb369db55648c13c83adbb738aae416192dea87ef149a80,2662822917,102998750,11836,338408,12449
0x1ab59d4999e70805166f6f73a6d8cf739417d726aee1aae2260b3012e355978,641782209,17738417,2100,57728,2321
0x1ad981ba6707c4f518467704f33e415832588b5029ff9dc53118d3dff84b599,31873801208,632132625,107345,5753096,58225
0x1b3cb8e932e05ab9df7ee95cd08305cad5e873611dcb36e6f0b68fd17224c4d,9085105875,424883708,39701,953152,45760
0x1bd78bfcd299160c460586ef351f3b69e2fdca1cd201c99862816a3a608a3a2,2992082959,108207875,20102,442864,22379
0x1bfb47c5a8c3a085d95aaf66f57bcb2d7830aee504efcdd8984d90a6b416a90,370036959,14601458,2087,27600,2654
0x1c0bb51e2ce73dc007601a1e7725453627254016c28f118251a71bbb0507fcb,2790046250,205959958,20156,392080,18416
0x1c0df7f455a6645477e81ddef28e0407fcc04d9bcc8b85f66d3492f03c2788f,2987307625,112912875,20612,350016,28664
0x1c72693d81fbd5323401c0cd0200e973335766acebd207bc5a6b9199716f6c2,759465041,28462166,3038,82008,3525
0x1c7dff3d5fd5db580830965fe8f8539c0b90175ddac0377bcfb3045be941d9c,719521125,43763166,3476,83448,3728
0x1cb34cdb7aba0009683bc195f59cec9213d37cd28d79c6a11d05e4acd953009,1457370333,54971416,8779,176576,10707
0x1cb5e128a81be492ee7b78cf4ba4849cb35f311508e13a558755f4549839f14,722042042,40764208,4730,84936,6043
0x1cb93e4706c368e69d996310ab93142f55f8b01b6156d4158099194bd05857c,1958521625,110693583,17520,254216,21712
0x1cc1ca67aba8b62b6b310fa2c8a18773b1787465712eaa87c6db0b4c297278e,8373143167,480345834,50093,1055040,49225
0x1cdd400accec2817230c2c30f5ecfe57e4ed09ced33787c19be0edc0c120a4f,675626792,21403708,2160,86488,2363
0x1dac827e24775264d4e82186077137a46bf93364f7fc5bad5b0a802af3f06ad,529056375,22625792,2849,48624,3729
0x1e0558bf3411ac46c7c931e5d0cc937186794a19152d70b1c8c8971825f845c,4194981958,82228917,15070,428584,17101
0x1e184235ea5f0c9d811c574f51ba8603d4c608e7604b85371040e14556563f6,713018041,22261792,2231,84768,2619
0x1e9ad0c2512b1f1f378ec67f1c0db35ce1a9cd4beacc155de97b47c8349eca6,597465458,17855625,1906,54928,2200
0x1ea0f6822e67bef433713d01a402c73a4095d66e5629c0e6e23cbef9968b90d,486487500,21548209,1273,41184,1441
0x1f193959af38a3f69951a1ee26013320a3467b737c3199691ad3af354e644b9,699908042,22192000,2158,86432,2361
0x1f625a28b4c70d40901cfcd60594c3645c5cf847dd30e13ecf3abce16ffa3be,492896750,20986750,2161,46024,2866
0x1f87f12c76e338482d4afd0d8618decc288a318f7fe6e617e522e42895a6bcc,1111355417,63681375,10706,154008,13678
0x1f8e52a4e6489c9daae16cf8f9764e13476e6ff17064f075248412ba64259fd,8831672542,225418208,38260,736208,46618
0x1f9d0e00389a48f1fda41fee51121cc1191573d609b439b330e6680fb005001,2224724042,117827917,13310,308448,13508
0x1fbca49c5ba437ed48862811a2b3f74dce3964fd4e25f9bb38b87aa61d8a155,1218105750,56145041,4925,143752,5691
0x2000b8101880e359518d35632fa1d8e433d79b4eaec60ffa34a1f101070509b,532762625,23852666,2892,48856,3761
0x20031e72abb707684bd91d44c84a11b39d28e56d04b5ce647d8c28973643eab,8921999542,450627500,39273,978088,48962
0x201c71a34274c78bf78d062c18d3273ae686fd83c0df2c13d1867c1867ea922,1814785083,75279709,13003,274400,17879
0x2078e9f6e715608c500505695df7af377cb67e5d2f03e3e340b782894c6eae6,10015650416,510692084,44856,1124120,54909
0x20edc26d65626a79f17d96e07d638b790c57435f9ffe0b1c446cc617a1b2d82,2420680000,72240500,10936,228640,14532
0x20fd8242ee95fc478d820881300eb24878e4935566e1d44ea9d780fed152d03,686727708,20470959,1964,81856,2233
0x2109b2648452f03bb96a3e1980b74ee957ffc0a13e5b68690b1b62d45988187,6244556250,129645167,23358,716568,24031
0x211316c9a9e42067885a8a6d9486839bd3886142c851c0ab3403ad3bbc96874,1084942792,21396208,4007,131848,4588
0x211cb65ada04be55f88a65bc7f1444eeb42ac3b2b98018079569b7e49023ad5,724862125,22231458,2099,87064,2317
0x212b96740860774b6cb8b2061e6c721a5dcc6e21bb454d94f55f24a406b5a15,498908291,20627125,1161,31200,1264
0x2184a8d33905eed66c3a80bd753a579aadd0b8dd0652f9f513dc7f1949f53c4,1350416542,30343000,3165,122344,4048
0x21b736e65c20ad463236141412b5926ecac21b0c00cddad01df2b5a522dd13e,9818932958,314209167,55798,1373240,67239
0x21c6c54d027a8d37077b9b45e0aea4c5f22e40c59aba378f64e8cecc6b4a944,815880417,35335000,5494,115632,5792
0x21d125fb4ed14482ac7312e308005d79e33a7446cb5ad109807f63b166f07a0,2295697750,84347458,13301,300232,15460
0x21d8ee984753604d9dcf5baa6e08da6fca57f9188dbb5a09137149806036637,955756208,40009625,6509,103416,8830
0x21e9d03d4b4c76adba431b0830485ed51984950a2584bac38a310628268fee6,583542875,17463958,3480,57536,4508
0x22073fe6b9135a60238557ef16d97b14249d57a3d95016dbec357d09fb3cecb,4407010583,211305375,37223,660704,53481
0x22666d1bd958235d9c17acff90f4f6a4f7a3c4a4efc476b9ccda8de7cbbd874,5923417417,142766541,26463,689440,30025
0x2269858a40ea0535cb373b0c981c91b907466edf6d65bcaf669760bbee0ae4d,103471075500,293847000,40557,19222016,72283
0x2286f9ed18df5560900eec530c414ce7ba9703790ad7dfb7a1a1ce656e95061,3039165375,168657375,15272,347520,17258
0x228e8e5f1a078a7f43763d3d19be58689fcdfba4589629bf65180139db7ea3d,254636000,6162083,249,8784,301
0x22cb7fbd5865cfe96a9b6582eae5fa508c9af1b0563a004e881f171948dac28,16216045084,265361500,46657,1280072,77353
0x231459a8346e8da505ea328404f32186d14c2ecf122532694b44f51f24706f8,2450077834,89150333,15330,398480,16269
0x231843b1da83c803cfbc29be04e412e1c796e1c1d8d70d0d58903536f164076,3899641917,102134459,18224,425232,18186
0x2344cdb1894d21e24590c384db9ea8bb5d308a7b6f1c4769ecdd7ea1a160c81,2226428709,119290583,13046,300440,13656
0x2372ce823b43739f4e8c35f36d3cfc28f432f7187bd35bf45ed4c610bee5a26,2746382208,138780958,16096,355760,15849
0x2398a685c7f81e191961d1bfd598c2393d008f00e6bcdf33be4463e8762f430,12783805917,284513958,46199,1776592,48485
0x23f90e9ea64f8198960588096e10613cbbd3c07b589839fe65a8848b5999b23,812797333,43627250,6198,113344,8224
0x240dd50803b66aba4fd8232426f68469c592e4a88fd9c5bc9ec11fc6a6315f4,971335625,23054791,3125,115736,3787
0x242c26b828af0e6dbef60b84e300a257c81c990c52cf0486a39c061e701e23a,1015372125,61271875,9868,132752,12795
0x243c11410365a0d0f7d7cd432fa12aab9981383fced7ec83f3b182e6e221ed6,5971832292,478620667,85847,845664,73693
0x244d1c9ef368937f9114f5f3d1edca7edf898d237e71dff70fb370b6bff0e8f,12096368250,198757333,33115,1169824,38121
0x2451162929ad064f07250b9909eb2a3b18f2d88f577c6b44e5da4b3d502571b,928236541,34507000,1981,80040,2406
0x245a4d1649d696edf2e80623f8abaed3d1fd8231f8f79606c66deb684be8654,1905531959,70371500,9718,237256,10636
0x24a9edbfa7082accfceabf6a92d7160086f346d622f28741bf1c651c412c9ab,9602194166,222425959,33158,932440,41974
0x24f60cd38a0d01667fda547130fda61e47e2478bf5e00c2febd789bc4a7ccd5,918838542,17374958,2607,99736,2975
0x251cac7b2f45d255b83b7a06dcdef70c8a8752f00ea776517c1c2243c7a06e5,992220250,44214750,4824,126576,5554
0x25a7d7c63acb6458b3d53c7ccf05fa8d5d3374993a30121db32e13623899860,8388877750,256744708,45176,864616,58669
0x25ab0e73e56b2c4f3290605e4152e98ca5c98118097f4be50237964d23a78d6,2586788083,145831250,15616,340008,15878
0x25ae2912d5ff2977d0f74dd62143b48d406479f3801cbab08561c3aaabd8fea,330520084,6815375,1087,20696,1296
0x25b850f4bbb022d1d8b0e76a7a873af86123ce5ddd65f217941c98dc8b98c0f,11975129208,386735834,65175,1291520,77430
0x26121cf503d6d0f2b7e126b6f50685fb3790e75c733607dab63ec629b98fa42,2539216833,153313583,24468,400080,31953
0x26178278eebd874ba13dfbb4911808ba5d6d8172b0d219505955069b7c28791,989967959,60093875,7976,122488,10372
0x261ad90e1901833f794ee3d69816846f68ddb4fb7bb9ffec2d8f0c8608e298d,2079752167,99336833,11162,245344,11444
0x261e2522908ec7d5fde00d3c0f83c90ec9caa1f3d12cd5be913e2ce55dcf8cb,5360198125,194575666,31291,689000,38036
0x264a03fc9192f838a15c2e8478809f4046d279544cb9b5a564120231e3accbd,1235380333,60821000,6060,110000,7907
0x26adb4ba4b50e1e5737e1032f1b6aea85251324caa1dfa8f0b57955bc74c267,2338187667,105387250,8982,252144,9995
0x26b25c3a9bf7582cc8a9e6fff378cb649fc5cba404f93633ed41d59053dcd31,18818169959,556502458,95287,1965024,147985
0x26d409c327a07157c9d91cd228b319d468f8ed9b6e81cb3644cfa4e10dc607b,1098654416,62643959,4557,112704,4846
0x26e5cf0264c0e6c635dcf78ff38fddd9222cee524725c37c27bcc88654e91bd,1707882834,83919542,12576,216880,16374
0x26e7c22a53162cdb29d4b34f8d414214e12dfa1867959344d8d8ee56181b088,1479426375,94978792,13451,195152,16361
0x26e9d81501a0816f88019cee8bc19b17fbd38266a7c0ac6414ddbd163a33c97,1324813333,75045875,9936,160160,12997
0x275ac2e183cd260e3b3395825732546b27100e9b7cd2794288b2ee4ebf7529b,697145833,23335666,1808,79376,2186
0x276e2b227855d523a1427c96d2e06168a7a54b336d0795ceafac474d57a3d29,8890538083,436041542,35962,950600,46525
0x2771dd5ac19e32cd13878a7543c978fdab77f1c5a2da0f826be658cf3ee63f0,4745429959,137643292,21104,769392,25074
0x27a615153748a9a9d4a02fc25b8d8101db25f848917deab030f09f29fc99465,886033667,44149833,2441,87936,2808
0x27bb37f5b8cbf4fd29f1042f5574e6b6faeda9951bad9571b54af56887966b7,3423906208,152476208,24503,430936,28496
0x28556793bcd8fc37d5cdddd11e0fa0170406c9c24243bcabe703ba703cf53a0,789407625,30724125,2692,98656,3031
0x286355a41a2ab7f9233c864ed1f05ce629be19de5adc5274b9f117c4aae48b6,4198970167,155034250,15591,450256,14773
0x2873937c857cca51afb3279fac375fe2ccff3742bf3a27717ce574fa86c9273,2723323333,193933667,33748,397560,47182
0x2886f37293bb42d9ca86d47c07136e8f8cd88cb4523f42cd86c4895c916e1bf,4201993875,156419542,25348,650248,28273
0x288d95b4a26f818f6f1217320e923cd1d5f2c260468ea64e44de448f708da94,717853750,25559750,2102,82960,2436
0x288f17818d7d3d63ff93b8e349387281eba86d807a5caa44252ec115e0b2e6b,880627417,52299583,3541,82000,3841
0x28e03a12a244adfe7bdebfb829dbd10e12af03988c82f7869730677b7b786d2,7314151834,130973041,20392,442736,28194
0x28f3a4a7168fb2ff4d4d82ed38b754353780c960746d89f689dd933f74cbaec,20287263958,371004125,61785,1586224,80542
0x2917b327f488eb5e501425cf065f4b933f4340a960c97ee71d4f724efce0619,2215409041,112157709,17277,298960,22228
0x296099ec178733ba8e99b159cb046791021617cff5731426b7922b6bc89c880,1244123125,69363833,7947,178936,9967
0x2968a02c0ee86db46ddb933b23be963b60e2fb1152234651d577a4e0492471e,1279148083,93151334,12361,187920,16189
0x29927c8af6bccf3f6fda035981e765a7bdbf18a2dc0d630494f8758aa908e2b,2806112959,117957083,18915,399432,17883
0x29cadbe2d96535a73bd427e8f05c9388caea2c082f3d4a589944e8c29d0596d,1193231625,50990833,5878,171176,7389
0x29fd83b01f02b45987dfb9652633cd0f1f64a0f36403ab1fed7bd99642fa474,2546335292,133393167,21770,301904,27646
0x2a0d2c7368ab5127d060fc59a12a6b3374401c155029e8ef17d3dff20d49f10,24863960667,345432000,55771,1691040,77735
0x2a159aae7a59825871e1b7e9366915d86db77098622523779c874549cc891dd,952577583,59732584,6899,99960,9014
0x2a23ab8800d25239d97e79888db3f5fcc847175ea81caac6884a34782378848,32390374750,242871375,42445,1797504,68396
0x2a3d302c94c77354fef1548e4edfbd26a660abd88bab9d947d5ffed46666b59,4662742625,139882292,21104,769392,25074
0x2a451d07bd22be00f88fdcfc78a9d70abea5ee9b067fc784b20e8cccbf297cf,2968630166,126706667,20611,416208,25031
0x2a6f52c3635211b907467b53e3a712be41f0115d03f9d5903d448a1cd4f6f5c,4668513250,231277292,35184,530176,43630
0x2a85801da4e6807e0e73f92cde0ad3ea343f92d15d41318ef073e3369d6b243,307823250,13579958,731,13376,1042
0x2aa52f089e5f754d92b5f54cfe215802a70f9726ca755399b7f95aeb531a11d,9106471375,248607041,42151,916232,51702
0x2adf3ebf247eef5df82ccc570a3a975dbc1d0fa14b10e389b4571e9170cb16f,2708471958,129649791,20746,320208,27170
0x2c1d3a84ddf5f0e77f5a6a6fdbd35b6a292c2b69ef0bf255450c9f9d9dea207,698764000,26174583,1948,83288,2243
0x2c7d0fb43cf1c2adec3f5ebc1428e67e704eac4352d2095a6177caa7d78a834,1519856292,92066458,6592,151496,7851
0x2c8c7e6fbcfb3e8e15a46648e8914c6aa1fc506fc1e7fb3d1e19630716174bc,6938022625,290996209,51352,930064,56110
0x2cd3c16a0112b22ded4903707f268125fcf46fd7733761e62c13fc0157afd8d,5903382833,382394292,64545,640832,63531
0x2d5af3e59f6b180bb2190957b527dd4db61a2c1095d4fd1e75e3a89732c796b,1517518500,61265875,7805,125656,9527
0x2d984e2b85c5d1b197c68272e360440674e6a72ebb3edfaec480459ce7658c3,2774614625,110322334,17280,309888,22480
0x2d9caf575497f576a69ea5a17ecd124af91495a3f5c1fcdfc3942df76b8196b,2480577208,78547709,6461,272504,6801
0x2dca831c5d9a9123acb066c5fa81e31539a6d6149c1879e4b2bed1840c48b02,10508561250,233275333,39915,1137008,54293
0x2e0a80040a803f2f59ffd12ecf4bcdc06d4cd4b26fdd6babf5dc7699fd0f31d,1622896375,55269209,9125,210688,9721
0x2e167703c1deef69c6c5076133d3491fc75d1d1f486e6a8375712d28ff10fa4,2193225500,126859000,14461,302904,13831
0x2e2b0572c84099a7eb50712f0e1ec944e68f388a236308dbf5c2e1108d05db5,517079542,29060250,3496,62304,4339
0x2e743e4e6a61c85c42b16e16c2bfe555df88c4e6a6a60898fc65aa8b88be3e0,571267708,34425166,4455,73440,5779
0x2e89dd852040a37d189983a2db65586b44f7e4261b734d594373696f5eceeaa,496466834,32922750,2067,35584,2727
0x2eb0fc47912fe0997d82d8c66aad672cfd8b3ec56161d42e3059c3443603f71,1913876208,87078417,12561,186856,15464
0x2edc1857398e2ae4b3740a6b7f68226e82a121b5c01b6206e34fbfc661e2897,4971917583,146678792,24485,606392,24740
0x2f0bbd0acfce185472f97aaece27a062a8371719539e34b54017d8b92deada1,5684419500,242800625,42934,803432,50503
0x2f6a9f709069f94833c48bec6750e79a4029c39996214d9774151f145d33e5a,1094435500,24179042,3620,132504,4339
0x2fb0decb56ee1971023d111e1ff5866d886fc6cffb0e7cbbe252f2348013fdb,1592521958,70766834,8435,196648,8629
0x2fe1b53b407355fd7036c40f6f522673781f94de9bc9ebb4b83e743dbf2eea8,1480958750,66406667,7299,188568,8193
0x30401d03663f5d31f4210f9e5c334fba1b426d4fffde820379d567ca447a3e9,1450252542,35660708,4169,129080,5686
0x306288971002bd7906e3a607d504dfb28dcbdc7655a115984e567dce3b67e8f,1208586416,65900334,7533,143120,7442
0x30c2eb8157fa002dbcdc30bfef06bdd1c8f6aa6aac7f61eb7548383c89c3a2c,968466708,22491583,3163,114808,4014
0x30ca57592ec02e083d3fefd0245b2c10ca15a3d7f1c88e6675db051f94c2e9f,6257753708,233266792,24048,577360,25009
0x30cdf64bacc2779e2f207b3992de1c2e5036b9e87c22eb60319ae25f1a73077,5821124875,203812292,35932,631568,40889
0x3103a8826e44bb2ddcf8244d758a4f84da966ef32b25750c3facd165f4ec315,1609301833,70910459,11407,246240,15139
0x31382dac7ac52fc703ad19f274150cb1c069f26d79ccb5c84782cec09b9a161,653134917,28658334,4649,67736,5722
0x314a76660433b0d2c3b91d372aa3b6615f12f8935fdd78a0b3ab427874f686a,3111581417,125170584,17518,410744,19129
0x31578ba8535c5be427c03412d596fe17d3cecfc2b4a3040b841c009fe4ac5f5,10269222417,211802541,37155,1286728,41430
0x3173c1e6b7ecfec77e4a9d5c45c9dfcfabab4431ec4cd404cb4f8380bef3f7e,3240208458,125186208,21435,394232,27526
0x31b302eb5d42f22dda11c8cb006d75baaf17ce4615dfb89c551db1674c144d1,421561000,17965416,1058,32136,1337
0x324c2d8eee9b2cb83d0bb66f7bbf3077b101800cd2f3bf313dca55a9e185978,391153416,22705833,1329,29272,1947
0x32e5baa718d0c16b80dea795225c75f6af5c703929c0f03c8983dc4a34b9a90,1122117917,46592167,7034,133912,9143
0x32f594f0064b023859ad5cb18831a5880e310d9c4a898b75c02e1b2d7b17001,893571791,24197459,2952,111120,3501
0x32fc5a1520015d90590fbedd6f4ce012d7c6a08e786f2a8b0ca2d2715302533,1169125291,26503209,2624,94528,3183
0x336f9d3953c032d579de6675aa25e2903ea50708399ca5ec3312ee3480e7cca,1094792333,31727667,3317,126688,4092
0x337f32bd5fccef2b67d2c620a8d31abccd5960c37f0c0b58d5e5327fac7e6b7,13097772292,409359542,69705,1357320,66890
0x3381971ef8a027aa4f5b434364997f17a94258db2d6c26d292a685c47f864b5,2466222458,95458584,16142,390760,18182
0x33c1d74738da93a2537bf9dcff555edf3d13027248e04773482247ce946ce8c,716089750,16159250,2202,88280,2431
0x3429815454dab6489cf5c1b63d5bdd3327a796504b51f930d29c1ec88a8bb71,6200583417,203577084,37399,931160,38277
0x344c129882ca69c9102b7f73ce4b1c01e1af49ddf8cd60fe7192b985d5e17c3,8542730375,346331583,57997,1296024,65941
0x346b9546b05717d2ea0d0e225574f1da4dc67e342339f53c9d048874bb287f9,1747307083,39518625,5590,165864,8056
0x34760ae77e840dd6d4f7b77520720fc344eb2f6b9168efb3032757367bac5a9,1317046500,58622584,9268,120488,10146
0x347bdd35c9fc2103e7b1c8f6fb4c33b2b767543de23c7c0d6b51acdb65a8ae2,2744289250,158052625,15534,311616,14806
0x348a7964bfb7996e2099fbfed4cfd7e673ef0614b5e2e6256815c9e2821c5e9,632138333,24764250,1990,56000,2283
0x3491c5a531842b6070cebe12c8337a3580ced6baaef984b8678a744d4ef4583,893088500,18979125,3078,104016,3668
0x34d43f14f7a56fb3f9069c26084b62a1fd918c1b776ab81a5bfcb0481c72a2e,476070708,24284250,2635,44136,3299
0x34e822c8941b80f39f7d885c5454f16532de0e3ebce475b9ace9956b61d3caa,1050921541,59640375,10116,173048,13435
0x358663e6ed9d37efd33d4661e20b2bad143e0f92076b0c91fe65f31ccf55046,5653148583,193997167,22158,702056,23098
0x35b3a7047b92ddb5d2deaf1b3db751bf36c879b6251713c9418c822c9a08e1c,2458911417,119453000,19377,348888,23843
0x35c58475afe0f44fa5267ffee18facd535ae5bb64085035369d07ce2b3afb4d,3729851459,123308583,21241,350632,27414
0x35d8f342c6d4f01dcf733b63e4860e1faf91fd9500bd2fe672e6ffe99809c09,228413000,3080834,101,3824,110
0x36078334509b514626504edc9fb252328d1a240e4e948bef8d0c08dff45927f,18675278208,328817958,56443,1724368,64171
0x361622cdfccc8251ba4532da03e8cf4bacb94ee37ab1ddf707c24b7961df8b8,1715168666,73161833,11792,197224,15642
0x36225e72f257920de8a7334037e77fcef0c787f73a26e65a2a64f2fb82d6853,3277507625,100481083,17971,408040,18025
0x362f474c485f9f65e31c02f7893abd47815d44d4ee5b7f5fd061272f10ea90f,6931163833,294965250,51998,779488,61628
0x365496fb8cf47874e72b25167d2aed44c955b72fa348a845caa815469e0f3d9,2077720084,120703708,13525,274704,13559
0x3675b0da0abab95ba16a0b75ca9e615fa11e8b33a25365f9ece41736c5e5c12,879761125,29161084,4111,97912,4820
0x36a3a7170bcf5a539912bcbf6021c3d8431dd56f7a181854952754b0d080424,739318125,16304250,2225,88696,2533
0x36b4e90570c29789cc8ecc4c45a70ad0195d6997963ea2e1f1bb4b4dd297c7d,7638900209,227618959,37935,840792,46243
0x370c8232431a39b181e6576de5d885a0a157c9c5ad28410c12c6e89bf9fe4a8,2275678791,125161542,13182,309952,13619
0x3732ea429b23ed1174332abbb5e7700c874f4d34996ff2597738921d8abae59,2436575375,94759459,15780,370544,19029
0x373f5cbc74a2de3860416509c9c8732c72b06e7111e0cd3474cb1fdf6e38408,4032049208,142911458,13535,369760,19050
0x379704e8b5a146dfb0a1896af63e00a77e12ed66b0b7131cc37ef68a7b781d2,1882663416,66642417,11018,254984,14341
0x379881a68a0fdd7081dafe6ff413aef85370d6f0328f329d678641b709adedc,1042260000,52595000,4690,106960,5511
0x37d63129281c4c42cba74218c809ffc9e6f87ca74e0bdabb757a7f236ca59c3,1265717750,67494250,11097,114408,16739
0x37ee302be6f4e4f166c90662fa346241667da86d6690d7704d96b790eb796cf,5376032125,279480917,50887,675784,59220
0x38082dfcc9e1afd67eaabcb9b0cff0646237badf22a494bcfc72532c8fc2249,641544667,31831458,4825,72320,6222
0x381a97d3d372f36db18be0e4f5e0b9ed5b34b8b5554ab1512defa843397c332,398880500,20231458,885,24384,1066
0x382451fa6fc35ac89c0cae0661dfda292c1df4071a0c8e70b7ffc32d607f563,10422071084,533915416,45380,1138632,54575
0x3836d91365026d9b4a91ca788e1c3551fa2b222e5ece5bf445e8d66c9c56766,4613639375,112867250,19527,508336,24383
0x3836dce3421e0c18c6a737e3cc6b13f63dad93ea1c21d92831d972fcfb5e081,11430067125,367596542,60872,1229808,72376
0x386d92966f0908ded021f3959610dc52a605922387e0847df45832c046a79bd,2856149542,98751500,17079,367920,17443
0x38ba9a33904093a0a07a3813b360b415a8bdddc6830f90df150c82a210b32f2,10999949208,588926042,50608,1223424,58489
0x38e944acef033f7cb874a4c68ef75ed80f88a62e1dcd01a72312d9157339ef8,2569045959,64193292,11100,246840,13981
0x3940bc18abf1df6bc540cabadb1cad9486c6803b95801e57b6153ae21abfe06,1442147875,50374333,7901,151200,10355
0x3957f9f5a1cbfe918cedc2015c85200ca51a5f7506ecb6de98a5207b759bf8a,7952364584,358139792,57709,1174176,65438
0x39769bb8085b9e86bfda5724304780015201a5df761b0cfd4522d070f0f39da,1129561084,53647625,5194,106952,6118
0x397b8918902aa049b3e4d7e5f7ea5b818ec0c85ef38be792f75de7777c2fb5a,910077250,48392750,4293,69912,5993
0x39bcb3d8182e7f2be072b63a76cb90012b4edf593c221b74852cb61c403f3c0,2688246084,116015250,10804,308096,13008
0x39beb3b515de04fd389d5727b924996d29a2c8a4514cb25b0607ce7695b0e8a,1452199375,62764500,5916,138336,7212
0x39e320ef88f46831dedb6a87aa7db768a79a99bc3dfd518545c6d050b535b57,415888083,7930333,203,5608,268
0x3a076d5c163f505a7777bcc14ad1345ab93a4213125a8f3dbbe16f236e0be64,282866459,5556542,232,5720,249
0x3a306250b70c800e947f415902f1336a341bb6fb8738abe51486b428790d4aa,915255708,27759416,3587,100120,4122
0x3a350cc2540d8c608feafe3d337291776a1f02a3a640fc3a4e4a6160a608a0e,3370436333,206487875,18270,403296,20395
0x3a4008a3e868c3545b61a38b054f054c22a9c8f242eeeaa536c7d9c2226694b,2854768250,114992167,19073,318512,26762
0x3a6ff8ff650cc59dc2915a83b39bb2d75e30a29a2611d6f706a58d424d0c0f8,322247875,14123791,1087,20696,1296
0x3ada36b4d21242b0fbce32d78d168729e26822fe51eee570583f1984a578749,5187873500,421023875,75391,654568,65927
0x3b00ae9e703e66a2d751027025b50f22fcde9c564e9249dcde535ce73e79af1,467996167,11850834,1267,30312,1742
0x3b1ee71c2722711bab01af57552f8c03f6b1734cef5d57b342e0c029ecc739c,10559857708,521622875,44933,1139512,53855
0x3b5bf1c2f918de14620b3c63e2c6543cf0a138df258bce3d03e3fb0b7d2183a,1701826166,125704708,9520,185872,10458
0x3b6c6b615ff3df037d5fdad054b62ad89092149958b1500c1d281fd6f2fd14b,601052166,25498542,3268,52328,4401
0x3c0f39718e0a3787cb7e2f042525d46ba8edae21086777ab697e2a7c6f0e34a,9611120750,520194042,42107,1045728,51365
0x3c6a67386d863d71f57d21a5f29126904d791c886db31d55804c04d1a466106,6970929875,270894792,49279,914704,53137
0x3c8904d062171ab62c1f2e52e2b33299c305626a8f8a253a1544a6ad774121b,2885668083,158988625,12767,303048,15573
0x3cff9a2965a4022ddd11bc26e1aba044d598f5b493dde2855532241fa250240,370101958,17113292,863,22064,963
0x3d16c7a9a60b0593bd202f660a28c5d76e0403601d9ccc7e4fa253b6a70c201,675086500,25768958,3365,69672,3981
0x3d2251dd60c6ae8a918a9d08b00cbcc95e5656200e32982a74d796ffff1fdaf,10307797291,335046916,57625,1184064,66692
0x3d2e6ddec6f9430f4e394947f67d031e5457f59de1a5ae87beba262e90259da,4488872875,117412042,11420,409944,17758
0x3d3359674111a32b382a51fd8d8f858f5885835f2c855ebf92654b62e6994f1,9799682500,533119125,45216,1057632,54729
0x3d5780b742c8993bea862af1beb77bcae80504c505b23f9ea6a10fbccb2c408,272087000,10597625,356,13296,415
0x3d58fcdd9bf503fd9dd31804bfdf83a66e64b2f6fb687e190ab2e3fa2d3d62c,5061896917,233014375,41153,617576,49476
0x3dc4b60695e8cd02ad357f4f6c7c3ee287adf145c1998b3c7d34dee41923ac6,2769398542,147791833,17216,366360,17091
0x3e203800596b0f9203663e8f17adcec6f7c71e199cadb7e32e26f1cf198e44a,1606634375,72258584,8418,200344,8650
0x3e38633575557468ef2f44194d35f4fcaeb87494495148a2f6ac6a885f4f660,6151111917,243729125,41998,711024,50929
0x3e49d124fdd6ac8b510545d3321c69229a0080fa024b3c1ab5ae39c0179eee0,5463248542,248637167,44357,856200,60220
0x3e4b3f17d66bcd110e517a606e4f6a0dd39e54d04719817212c41a069df2c16,1248668542,40968417,5060,133248,6144
0x3e5d4da86a016b45e0f00215d3ed1b2ad17d3bcc4768d0df8ce1152a2376567,5411946875,162212667,27098,911952,30731
0x3e8e5febcbff7a0f6f129294e69c9091cef52938037a07f13bfef630db556df,1652053833,53252750,7833,244144,9355
0x3e925c79aedab61f7eca5e218880fc016512f8d40d8826a958a75e303979d6d,1298212833,70576458,6227,137560,7039
0x3ea3b2263a6085344e1d8b3ac2e798947f18bc030862a121b794c6fc7319274,228140084,5402292,267,5560,327
0x3ecc3e6bd5443b71c79600c84101df743fcce90779849eb73e9c498525cdc1d,774291209,23339584,2400,90280,2640
0x3f08c94b1ba012701988790a727485828ffd0184dcf71b93db51d598a8d2046,1232060041,75896375,7996,144568,10208
0x3f213a0d32e9ecac8978ced85640e4d4d9948a32315d78fbf213c8f22e31a93,1263424167,52885084,5567,130808,5853
0x3f255de796dfa5addb58ff22cf67cead519a22675741a160f60bc55bec769b3,1943932917,143794291,23680,350720,34275
0x3f4004a6f2ebbfc00348868551e51ca311c6c70a23f602db19290fc822e5b65,649583750,20102292,3316,72080,3980
0x3f4d37e6b0011e62aff4877c47f8a30edae1d7d2e8ddf49743a7ea161eeba82,4346879875,68787208,10645,366648,13064
0x3f519a2ad19b82e4dc647d8cb31c1920f9357358dce7ee03727dfbffe892175,841454167,20238083,2912,98984,3276
0x3fc046532b5f704a1f9b88b1c97402782e3cbb74b21279194515855c82181ff,9942222458,253580584,45240,1471096,48745
0x3fc65c46f2c2c52bb2ce5ddbdbf51a7d9240ac06a024b917f0002dcd4c6cefa,2492753458,76116291,13178,293680,15713
0x4036a6fa3ad38d68b8e3eaa41a1ec3026991eeb34c7c424bb15571d8ee9bc76,828659667,20225291,2561,96064,2982
0x407dd9a846545ebd1c7f7474a9e67dad0db062cb110826bd4cd30146713c0f0,4655961542,169794916,30626,671832,33837
0x4085934c1276a3ef7839de6ed8f293d723dca948f5a76977adb473c1f9203f9,736811000,22671167,2186,86760,2408
0x40ba17b1653f8431d9bfb93f3cb99da51cb868af09694219982e7d9407890ec,516739542,41429583,2585,38272,3629
0x40dc9651a413247b68dfe8cff2c1dc23a5dfc0e116c004a7aa1b7b9a55efd7f,2978526959,169324208,19465,386440,17505
0x40fa867fe7c81f433d0e40e2b68d075d05026c2887240ed1547a30178039507,1584226958,62396834,10641,150360,11914
0x414f90fda86a3845abc862227ee5d3d0031e45c48615c97d925febf4a114167,2558199542,105601166,18279,375600,22067
0x417db67768531b244d5f8a828682acb1bcf2dfb514ae80312067d3e8911bef8,6528093875,257182250,46228,777448,49323
0x41bf1e71792aecb9df3e9d04e1540091c5e13122a731e02bec588f71dc1a5c3,2525290042,93088083,16997,401408,17962
0x41dac7690326d73c71d319bd73712c6cdbe0a472aa23002d84a738bb4322564,2689550208,64129667,9784,282840,11713
0x4225fcf6bf42a54dec4e9b6d3e7d1b5eb844f5ba9694058ef21826fd00cdba1,3812528333,89897416,14566,353536,15775
0x4247b4b4eef40ec5d47741f5cc911239c1bbd6768b86c240f4304687f70f017,3607711167,403620833,26473,383424,29008
0x425da7d8656a0e31d1801af829993bce3689a845934e78ca449f1bbadb52ccf,1326136750,33483459,4946,156784,5919
0x42731c2355af9d59eda314ea3cca49ea3cc85173b2ca3c35c6c9df1c087cc43,3989291708,169466083,24354,414664,31123
0x4342728df6e83e6892bde8cdf277d1bb0f08ac222ee79c9e7058b05edde8451,2907013125,105218209,16052,348632,16223
0x438968bdc782cbcb91e9ebde6dc9cfc9fa54723d037d88424f1487dc41c3071,2311745375,53270958,9655,249288,10155
0x43b1b5caf3306903021bde24ebbfa6ad6b5127e7e20c0d91afd48a9654d355a,2180460917,101520291,11704,249168,12081
0x44063dc4d7b11f0fa79984d0e3a419a00654a422c181ae2609f202e3f45b118,3213164667,82498333,8072,268400,13350
0x441b500039f5f95100d43f94d4290c39a1a85ad16e9314151f2bbbd3ed68688,1128586208,29015334,5034,131784,6155
0x448ba00e7c1a0ac10b09c5cf3cc6e27f7c10cb8b8b5ae4fb4398f22dc00b198,2937485125,140844917,14506,341344,15551
0x4499ebd8460ff9b76d0af022fc6af5be32f4f40dab064e540d53e608a44522d,6724892500,116912375,20654,708304,23625
0x44d5a1abb2bd4fbcd90e531da6211fb529a267a7aa46a4904c8fb71b8bd2b85,866619167,15710459,2746,104896,3264
0x4534a00ce710a5648313bd542d8643f096990078b53388fc8afbd0ad08c7423,888657041,22405041,2550,91448,2941
0x45575a88cc5cef1e444c77ce60b7b4c9e73a01cbbe20926d5a4c72a94011410,12424412000,251680250,43767,1480536,47107
0x45857f9be4c7e27d2e981224a1160fc95f60dbd5653b34342e43c271edccc30,1134242791,41463958,5046,115160,5399
0x45ded55baf6148438a886e46e99a7539c548478ae2bef69eda5d4d9170e8000,362822875,7874291,909,24488,975
0x4624f0adaa151b7f1e218799d9e6ffb45c12aeb9b8637f519033b2de5dbcbc4,855587083,15839250,2642,105680,2994
0x4651d3ead5d67f23f13b591e0ba28d8028e2a007139c4f8ade8da87c74a6937,5675559792,129545166,22661,785136,25492
0x466ccc03860525131ab7371a332ad3e0ec0ab4e141b7bece6ab703182e22681,1697512583,70547958,13037,194784,16023
0x469e62e2db14948db2579f7e0271759c9944937ac56b0a3698f386b22e49363,5745760500,197009792,22158,702056,23098
0x46d251c80927a20d2967b0b6923ee642355c8f596ce8f9e62e910d8b972a639,1782000083,71922292,11907,248752,16639
0x4729541770831cbbc0714c3f6ff1352e6b373fb83fd95e052afc9d209ba9f9a,764881625,14814708,2465,91032,2822
0x47f56c4572d11b6847e61de41cb268c3667b0d1b55e14aa183c8d802e5a72ac,2043081208,99380500,11628,274896,12572
0x481178112bb561ca2652d193a26825c4ccdb4d8a4ed301bce164d66858cd341,1154700250,17292166,2632,103304,3454
0x4832270fad4cf7a0b4cbf3adbcbfa81d8f373a1495c60d785e50ce821b258d2,2508394208,112336334,19329,350664,23755
0x483bc787f9a2bd6ae2d382b9fe85cf7d2969d00b2ef2cca531113ddca8bd29d,667890584,11096584,1693,76624,1969
0x4868d74f64fdb318b29844b1fbf872ba1dcaf6927222c8e9be3c04e24bbfedc,3096502375,129597500,14477,399744,15609
0x489451a137878137defb2c02d6473321734ab8e8e72d8d403687e67a6256a12,1692851125,38401500,6713,177056,8490
0x48f0385817a361b9559cb6372de3a80d8e3cd93e71f442476ae1e0c54ed597e,8099297000,186549750,29992,762024,34065
0x48f60f37d4e4e23eac16df0358ff4211d6ce435923f0816d8d0bcc88aabe4d9,1071085375,19289750,3133,116200,3845
0x48fc34baa1ee16585b398baceaa9af821aa3714cfc3c614489fdc2453ce070f,1107171375,18686000,2108,60192,2985
0x49071efd120f1fe7a81f338ccd4b949f60dda6697f3b8ab03bcc217752af19e,13149491541,445548500,45240,1471096,48745
0x494fa5a471c06ae6454a42eaad6b352656b52f489cbb2d22cd0f3a80b3d93f3,2460603584,79349208,13236,230864,17088
0x4a444ef8caf8fa0db05da60bf0ad9bae264c73fa7e32c61d245406f5523174b,1205509375,32106542,4974,141984,6184
0x4a9abe09158a764fe9140b81de504a58bba26f09da7dde865e39a4b9ee695b1,949017000,14771125,2498,95464,3126
0x4ac055f14361bb6f7bf4b9af6e96ca68825e6037e9bdf87ea0b2c641dea73ae,513401292,14707125,1380,45488,1576
0x4ac337fb651fb83449344100e0d58df02dad00f018e8e8d4b9a79ce5b876ccd,4768200792,202194417,23557,640456,26935
0x4ac3e29bd2d651e891f7d44201a1e3eabaa557562d346f7b2bac23946a906ef,9089533500,420302709,35734,946992,46830
0x4ad3c1dc8413453db314497945b6903e1c766495a1e60492d44da9c2a986e4b,3210609791,103336791,16373,380648,20477
0x4b03772e82c5cfb54295596a3093a5da3774b0b0c6893654a8a8b47c557cfe9,889109584,53610542,4561,115432,5090
0x4b31909ff1a19c59789317d623e53c735a3c7f6f08e1d31c616f1fe3fdf8aa3,1237155500,26616958,2909,47136,4050
0x4b6f4b0520cd48c6142162590659ae491e04c70010f4d0cd2309ee1daf4e8fd,5027522292,191855375,18232,516384,23843
0x4b767fda48530353c2e44e4b9433f4d75c6c9974aaff43ecc00de9455eb71b8,12782922334,264294208,46108,1599504,49102
0x4b9180f65b33f0d3297d79a76bda9cc978d3c5d39a290f189289c37bb6199a3,1819690417,66701833,4985,133016,5440
0x4b97896abf7f4f55d6f87056573f78b3e6e923cb8bcd4270bf036e4eafc2d1e,1959062417,68610583,9160,234728,9382
0x4bc8bc7c476c4fca95624809dab1f1aa718edb566184a9d6dfe54f65b32b507,1914365917,99276458,15516,258016,19369
0x4bd71429c6b1803ff6d77944af2c23c26d1bf0ae34aa257916910c484f4d087,24076839666,283366792,46984,1498368,67841
0x4be21c6e82750fd516b3d61f0ffe9d26a81fd2eea81b6d987ce698c83fd5360,1256682250,67045958,5335,144992,6054
0x4c197fb610f66a22088202f65017de329ac55fa4fd7e4df294f97d393f71660,1013566667,33947750,3276,107584,4065
0x4c1f4fb6f000305061d1d42a257e01dfd0cebb99b3b390b9fe2a24f1ff5cd09,814087209,25269000,2228,95736,2634
0x4c4b9db96d22acc724546a6f2d8b432e13024000c42d4bef3b9439b5c50d3fe,2264925292,90380125,13919,236608,16532
0x4c55f8dc508d9e7130d2288e1b7228c740ea097c0cd3919a7a76282405d55e6,301305084,9852541,568,18464,662
0x4c5a58cd20e5c496ad63558ff4b784797bbb0ab1edc2d19ce68b716ecc3221c,788719083,17163167,2284,90800,2629
0x4c60dc46a8ca8bb47675b7b914053cef769afbf0e340523187336b72bd71d1f,13926136250,314918792,54439,1840672,59288
0x4c6467bdc52a7be7962669ff53b78a2ec23ac9cfb9d49607bce1aaeb0a29c6f,1562340708,77036541,9726,201888,11352
0x4c6d6cf894f8bc96bb9c525e6853e5483177841f7388f74a46cfda6f028c755,892609959,57079667,4121,106104,4780
0x4c73cd841298b8ce734d5c6bd5ab4fc4eb18ef7ad3be7d87d450f8ef98d703b,1059934291,62532416,6655,105128,9134
0x4c9aa5cf3f03bd208fcfc809bbefd59074e319870fd54e699df593d2df01b4d,847652667,32354542,2642,105680,2994
0x4cc30bead28bc7c0c91589f00ab73ac06e9f547051a8a76a9c918b9eb6ab8e0,1695732542,86244375,10879,229032,12986
0x4ce41b1b3231944c82fa2d5b8c18da2b9badd3c47c71e6a85a5861004e13cd4,28450193833,248758958,43665,1689048,71077
0x4ceaa19dfb0a8e9d69f9464d33c23ef311ea5292311bacf43ba33388aedfa10,5526497459,206233667,34721,627624,44688
0x4d3921166aed87a2a24cb637a99ce85ed484b019a7dd25703199eb62d0e7e00,1532218292,69674208,8426,176880,10892
0x4da5979d391bc87023f309e54019d3ada68044510d712b43429ff526b220dd4,1086760041,54416750,3596,104400,4940
0x4e0c7a60762ca47580e47d2d2dcb27dd5ad33262075cb9b126d670e97c67837,725794084,35122708,2160,86512,2363
0x4e361285d2f0ddfadc08e01894feddb89f2e5e0b24f81716d1edca4537c205e,3164375250,150715209,23721,350720,27954
0x4e635d495504b31ec191cbfc3d99b5d109bfcae4d0d9e16f4909a43b2e24c07,2813776250,150415708,15502,353688,15792
0x4e92cb4dbcc53357e766ad8a4da8806d2b0ffce3001f78da58ed9876d3a9da4,711968166,26171583,2192,86824,2409
0x4effebdc377ef61843da355d3cef05d863a99a2978c64fd24c4709e6aaeac21,685078667,35652000,3093,80696,3660
0x4f109591b3e54a4378bfef5476aca480f93f2602e345bcdfec7e303a0d1d3e2,791596334,26178166,1899,85480,2377
0x4f24403287e527604411e41ea7490e0c11d0864b532f56197ac47e6599d8f1c,2538069166,107315875,16970,387104,18035
0x4f69207c1c0ca1085fc3989027dcd4d7415e075dd6c061520775657e3018956,10273020000,86597166,12375,698112,18020
0x4f8543d252f818a4efbbacf72260a4f3a757a91291878742681f6f8c4cd534e,1114521625,35440834,3053,121240,3846
0x4f8d47b14cf73a34475f81ecc299cdc2350095daeb680184d7a4645f6874bb4,288949167,9089417,506,10392,732
0x4f9849485e35f4a1c57d69b297feda94e743151f788202a6d731173babf4aec,3902628792,109328125,17344,428424,18164
0x4fc05e80ef31b93fdeb93f7a9f940b8503a0965aa3c4ce5dfd8a447d3f6490f,1920072333,66785791,7135,261656,8323
0x4fc89f2bbdd1e1761701772d50af7e8630d6a3365addc0cd46ab50fe55ef5a5,2827475167,108169542,15513,337608,14401
0x4fd8d4e2c73ff8ad0f43c73fe3a26a9e98060539876f0393a41be1bd6021b5e,6173098000,172755334,28820,617616,35465
0x4fe9d7cca577509602ca4e4725f07ef29f1b0ef78a705e5f09f5927914707ae,894893250,63437041,8042,105928,10797
0x501191a94b5c6ce822d10a1168ee01f84ecb7e9eb96aca1f30e1af48c475b71,7010869250,359966834,36553,811536,38128
0x5012fba635849218f1d76cb9b9c4b904924e35052d8f82859c490435892258c,1416719084,44412916,3640,116608,4694
0x5057bd7bc9223365a7d5146308f64f667713c94bd39fb575c3170b80a1843ae,7772616250,267322958,26224,841592,35928
0x506102aa8303187ee773f4754dcad78b4b9fdd5b06dba8fc724903917f02a18,700909583,26988667,2177,87928,2385
0x5061ed9ebfcd7adefa34ab74a9f18bab1f32bb1cadd65a697e081e9e0134666,1510718833,44636500,4884,145624,6763
0x506769c2e3cbd35b6b6260d6ba8a0d79763abd1d26a87b0d34d6fc975a49d58,2385637292,94474625,8011,247504,11037
0x50a0ab973ddcb40a886b280c6134826eae7012b3287f290ebcbd6e9a6961d73,5151925125,115200583,16502,409096,22437
0x50d681a1aafebd055047ccc69123a2d4051fd56f0e5c9489985d956c0834ab9,796331959,28041250,2253,95848,2677
0x50edd8fa01159ccc4dafffc356ab6ea57bc4cec2d886c48789dd2c3652fa342,901860625,51295708,5530,109688,6763
0x50f4df4773f5d462fc51a0e826878623bfe999da33607a0e65b824a92c9d570,304644708,19395250,1087,20696,1296
0x50f8f906cc508ace54d246f68de2e118bfde3928598ea722f424d357cd68e60,2790992750,135866333,21458,370824,27410
0x511dd75da368f5311134dee2356356ac4da1538d2ad18aa66d57c47e3757d59,11091985542,219868500,36670,1140536,45624
0x5190191660fb902b14787b1d1530f10eba01cd61252a05b61973f8b603baed1,1866484125,106948875,10545,248280,11045
0x520c4edfa93c7c9ae7bd2798d059a83c47e419db85335598dc2520c28277289,3148095167,133743750,12995,375704,13418
0x523521d509408d5af43cbef08a35e23ce1f47875350a5ff403a4c2ae910950c,6487693791,269754500,49319,915224,53185
0x52414c928e0e5c031acf58efe38ede55c8b856c438fcc0a6344547050e8a8cc,306364208,16699334,1007,16936,1329
0x525db9ca6111561a17042db03ce851f8207dc95d66bf0e25d1671d12931bcd7,1964634667,147887417,24067,356224,34743
0x5269f4928e99e15b5c69c451b754ed346018a4b370ab8f774c6029c68143057,887238292,40744792,2814,105672,3411
0x52a9ba5a266efdf81e72d57927d45d32b2cd4ed9e01743a7d58bc1ce406cb3f,2245284125,122781708,20105,314768,24793
0x52cc1620db83c8efdb160f8b09035dd7d8c056299baad8587b8deb1f2958dba,5914723084,234823834,40245,933216,48441
0x536b4f8d5d142ce54a1254679357465f5ad7419b69747cbcc1b5f065d2a09bd,7521998000,277529667,49763,1057016,57999
0x53853cc5ae4bdc85f14c71aac7f84e7c71be463e87a2bc86177388d47ddfecc,312577375,12478542,1166,17288,1608
0x53954317aa06c4ba84c54245e85d1a152a7b4a0f4463e5da393cb8e2d31b21e,27011934500,365073334,62041,1819936,78983
0x53c1571408c968359b4861175a78b7550c8ccf0c738fb4c30b6965e9e1ad381,2648770042,130545875,15263,367896,15762
0x53e107f6f0a290d417c6c0f28df9fd199f8c7666cb61ac1fb24ea9da9519489,839023209,17527916,2642,105640,2994
0x5400e90f7e0ae78bd02c77cd75527280470e2fe19c54970dd79dc37a9d3645c,986486709,73545708,4313,116608,4907
0x54262acdda5a51fb77b3d7a3e977cfe056f34faf5e75e793afea58026aa7470,5835306250,145024709,25861,616784,25677
0x54273e4e38efa9e07cb52607f81d4a24cfa4e207bb85897670c8fa8c6afac80,9611967833,532307541,41734,1034024,51093
